full_text,label
indonesia prancis mendukung forum internasional prabowo prabowountuksemua masadepananakkita prabowo subianto,2
keyakinan gerindra kode dukungan jokowi prabowo prabowountuksemua masadepananakkita prabowo subianto,2
peneliti badan riset inovasi nasional brin dewi fortuna anwar menyoroti pidato menhan ri prabowo subianto mendorong dialog china prabowountuksemua masadepananakkita prabowosubianto kodekita,2
bidang pendidikan prabowo indonesia mendorong latihan prabowountuksemua masadepananakkita prabowo subianto,2
sesuai perintah presiden jokowi hubungan negara berjalan jangka prabowo prabowountuksemua masadepananakkita prabowo subianto,2
pembicaraan berjalan hubungan ri prancis bidang pertahanan terbaik dasawarsa prabowountuksemua masadepananakkita prabowo subianto,2
menghadiri pertemuan menteri negeri menteri pertahanan ri prancis prancis jumat prabowountuksemua masadepananakkita prabowo subianto,1
kerja bidang pertahanan indonesia prancis terbaik dasawarsa program alih teknologi akuisisi peralatan pertahanan prabowountuksemua masadepananakkita prabowo subianto,2
pemikiran honneth relevan menghindari sikap diskriminatif orang menghindari rasisme sikap sikap memecah keutuhan bangsa prabowountuksemua masadepananakkita prabowosubianto kodekita,1
prabowo pemerintahan presiden joko widodo jokowi prabowountuksemua masadepananakkita prabowo subianto,2
menhan prabowo menlu retno menghadiri pertemuan menhan prancis sebastien lecornu menlu prancis catherine colonna prabowountuksemua masadepananakkita prabowo subianto,2
meningkatkan kerja internasional bidang pertahanan negara negara pasifik selatan menhan prabowo prabowountuksemua masadepananakkita prabowo subianto,3
