full_text
"Indonesia dan Prancis juga telah saling mendukung di berbagai forum internasional."" tutur Prabowo. #PrabowoUntukSemua #MasaDepanAnakKita Prabowo Subianto"""
Keyakinan Gerindra Tentang Kode Dukungan Jokowi ke Prabowo https://t.co/god3k89b4M #PrabowoUntukSemua #MasaDepanAnakKita Prabowo Subianto
"Peneliti Badan Riset dan Inovasi Nasional (BRIN), Dewi Fortuna Anwar, menyoroti pidato Menhan RI Prabowo Subianto yang mendorong dialog antara China #PrabowoUntukSemua #MasaDepanAnakKita #PrabowoSubianto KodeKita08"
"Kemudian pada bidang pendidikan, lanjut Prabowo, Indonesia mendorong adanya latihan bersama. #PrabowoUntukSemua #MasaDepanAnakKita Prabowo Subianto"
"dan sesuai perintah Presiden Jokowi ini artinya bahwa ke depan hubungan kedua negara akan berjalan untuk jangka waktu yang panjang, kata Prabowo. #PrabowoUntukSemua #MasaDepanAnakKita Prabowo Subianto"""
"Tadi pembicaraan 2+2 telah berjalan dengan sangat baik dan hubungan kita [RI-Prancis] khususnya di bidang pertahanan adalah yang terbaik dalam beberapa dasawarsa ini, #PrabowoUntukSemua #MasaDepanAnakKita Prabowo Subianto"""
"Hal ini dikatakannya usai menghadiri pertemuan 2+2 antara Menteri Luar Negeri dan Menteri Pertahanan RI-Prancis, di Prancis, Jumat (21/7). #PrabowoUntukSemua #MasaDepanAnakKita Prabowo Subianto"
"kerja sama di bidang pertahanan Indonesia dan Prancis adalah yang terbaik dalam beberapa dasawarsa, terutama pada program alih teknologi serta akuisisi peralatan pertahanan. #PrabowoUntukSemua #MasaDepanAnakKita Prabowo Subianto"
"Oleh karena itu, pemikiran Honneth relevan dalam menghindari sikap diskriminatif terhadap orang lain, menghindari rasisme, dan sikap-sikap yang dapat memecah keutuhan bangsa. #PrabowoUntukSemua #MasaDepanAnakKita #PrabowoSubianto KodeKita08"
"Sebelumnya juga, Prabowo mengatakan di bawah pemerintahan Presiden Joko Widodo (Jokowi), #PrabowoUntukSemua #MasaDepanAnakKita Prabowo Subianto"
"Sebelumnya, Menhan Prabowo dan Menlu Retno menghadiri pertemuan 2+2 dengan Menhan Prancis Sebastien Lecornu dan Menlu Prancis Catherine Colonna. #PrabowoUntukSemua #MasaDepanAnakKita Prabowo Subianto"
"dan meningkatkan kerja sama internasional di bidang pertahanan, termasuk bekerja sama dengan negara-negara Pasifik Selatan,” ungkap Menhan Prabowo. #PrabowoUntukSemua #MasaDepanAnakKita Prabowo Subianto"
