tweet,label
ngomong sih ambil nafas pelan pelan,1
rekam jejak ngehe,1
jongos bangsa,1
beda ya baju merah usung ganjar pranowo baju biru dukung anies baswedan beda usung dukung,2
jgn kau jegal capres,1
sedih,1
diupload ya rekam jejak anies baswedan,2
orang sdh cinta dunia jabat apa maksud khianat sahabat,1
prestasi anies baswedan ragu,3
bodo,1
doa jokowi dunia padang mahsyar kumpul jokowi aamiin,3
mknya lihat rekam jejak aja,2
kubu anies dah nge gas mulut dah klewat batas,1
hak warga calon pimpin tiap daerah seluruh indonesia alih fokus dgn sosialisasi rekam jejak,2
rakyat doa presiden ganjar jokowi jawa psi pdip sahabat projo musra istana polisi jaksa hakim mk kpk bpkp pp pan buzzerp,3
jual gak mutu usaha eh gak usung kader sadar,2
asekk tau bentar masuk n mati penjara bong,1
ngaku mahasiswa negeri bisa aja bodoh tulis udah lewat percaya haha mending donk yak wkwk,1
otak kalo trllu kembang kembang goblok kembang jaman emang modern nga modern subsidi pakai listrik boros mahal kendara aja lu pake subsidi soksok an pake listrik banhkee,1
waspada propaganda operasi media ganjar bahas putar pilpres via,1
ngambek alamat nih fatwa demo,1
ktp mu ngendi media mu opo ngacaa bong,1
pilih anies dukung fanatik anies baswedan,3
beda anies baswedan ganjar pranowo,2
mmg tiada nya susun,2
ngomong data fakta ya pakai angka bro video edit anies,3
framing utk pecah belah umat kesan non muslim tdk support anies baswedan panik banget bgt sih dr sgl dr pecah alis framing busuk anies sampe support dukung sj pecah belah masyarakat sdh cerdas byk non muslim pilih anies,3
jgn dibyasain ska mnilai orang mo siap lo nilai aja lo sndiri pantes gk klo mo mnilai orang mnyangkut moral pribdi msing paham,2
pks faktor menang anies baswedan jawa barat,3
nggak kadrun onta yaman kumpul orang jahat,1
wkkwkk tuhan takdir lahir yaman indonesia,2
halah bansos seleweng dana nya korupsi bansos partai,1
panik ga panik gaa ya panik lahh,1
mekanisme partai selesai elegan tim pd silah laku klarifikasi hormat semprot medsos rugi koalisi,3
satire netizen males utk rt krn tohok data n fakta males baca utas untung mampu,1
kpp menang pilpres wakil nu cocok ya khafifah cawapres mas anies baswedan tenang orang,3
orang juang bukti umat islam dukung anies baswedan sungguh allah kabul doa rakyat tindas terzdholimi insyaallah anies presiden amin,3
rekam jejak mas smp sma mahasiswa kontribusi negara sosok berani bawa nama indonesia kerja aku dunia anak muda tawar anies tawar ubah sejahtera anak muda pilih anies,3
literasi zaman sby link nya perintah langsung kartu sembako murah nya mana kuota internet pake nambah ilmu nambah filem bokep junjung mu,1
bubar bubar woii kali sekjen partai ente korupsi ngomong ubah restorasi kampret,1
selamat anies gak ngaruh pilih sya,3
tamat sekolah rakyat sr catat diplomat ulung beliau presiden majelis pb,3
putri ariani difable hasil tiket golden buzzer anggota parpol amp partai tiket capres orang orang,3
pa gak salah kelas dunia kelas provinsi aja gagal lucu nih cadaannya,1
lbh suka dn koalisi perubahn baik utk negara dn rakyat indonesia yakin akn presiden hallo jga,3
baca data tdk,1
singisor do geger sing duwur do makan enak enak wkwkkwk,1
terang hongkong min statement bhw lanjut ato kait program ganti orang dlm tahun ga peduli tuh,1
kl menteri arahin kreditur tagih utang beda sm reciptionist kasitau dmna toilet amp lift knp dadak sanjung kya pahlawan tv oposisi hobi hajar aneh tvone lobi biar jd cawapres,1
anies baswedan amp ganjar pranoto jgn ngarep jd ri jd ri adlh mahmoed ahmadinejad imam almahdi ratu adil satria pinggit tahuu,1
pa kuat ramping pa,3
moga allah swt mudah anies baswedan ri,3
kamsudnya tuh capres cawapres standar standar lari pagi selfa selfie tepi,1
buzzer cari duit haram,1
moga anies allah mudah presiden ri,3
pake parfum beli pake uang ngutang gengsi bro,1
denny indrayana piye jal,2
juang presiden,3
parah sih dukung anies,1
suka dn dr koalisi krn itulh baik negara dn rakyat indonesia sya akn presiden indonesia,3
lupa sejarah republik presiden korupsi daging sapi partai lebelitas amien rais partai allah presiden doyan daging sapi ilegal parti ts dukung,1
tuju utk dukung ganjar buta huruf,2
dasar media banguun oee fakta lihat daerah kerja buka mata kau sana kau lihat fakta,1
mantap lang anies presiden insya allah indonesia sejahtera,3
gak komen die urusanya doang ama,2
presiden indonesia maju presiden nya anies baswedan,3
pinter tau oligarki gak cil sp tum nasdem sono ajar,2
alas sederhana ganjar pranowo cerita kalo alas anies baswedan,2
cawapres anies baswedan koalisi ubah ambil sikap,2
berisik koalisi si anus tuduh kepo org kocak gerombol si anus menang aja kalo kalah ngambek teriak curang senang nuduh parah sok aja liat,1
calon presiden koalisi ubah anies baswedan tekan milu terus program perintah presiden jokowi lurus jalan tuju dasar bangsa negara,2
dukung si cermin dukung ucap,2
anies cocok akademis bantu teliti narasi bantu terbit teliti,2
kelas dunia mn nya rekam jejak hasil rekam bisa bacoot doang,1
protapnya apa kl bs kait dg anies baswedan,2
pdip demokrat spt minyak air dendam megawati sby gk abis hasto bilang pdip tdk bs koalisi dg demokrat tp skrg ajak demokrat gabung upaya jegal thd pencapresan p anies dg halus,1
dukung otak nya negara depan hancur sm model kayak gin,1
iming iming rakyat hadir cinta ubah mari jadi gera menang ubah,3
restoran kuliner pilih,2
dukung wan j mbut gak moral makhluk tata krama,1
peduli bunda paud amp nggedabruzz indonesia,2
ya baik dlm film bokep gw s,1
mantap presiden ku,3
salah janji umum la umum salah umum la nya tdk,2
survei lsn persen pilih agama islam dukung anies baswedan pilih konsekuensi tanggung jawab pilih mudhoratnya,3
terbang puji tumbang caci,3
minggu alumni it deklarasi anies baswedan kubu capres endorse jokowi meriang nyerang capres boneka oligarki kepo anies ngapain klo ga niru acara iri dengki ntr bacot caci maki nyinyir julid senin bobok tidur subuh ya allah,3
sih bicara prestasi tetep menang anies kapasitas intelektual leadeship managerial konsep gagas juara tetep anies,3
santai ae rek ora susah tegang tunjuk jalan lurus mu,3
pemimmpin cerdas,3
abah umi anies baswedan agus harimurti masyarakat indonesia,3
mas bermafaat laku,2
dukung guna angkat elektabilitas ngga bikin maju nyapres ngga heran koalisi noh d benerin biar maju,2
kasih panggung suka jegal jegal,1
dah bnyak kena prank,1
silah lo juang sampe titik darah habis dukung anis,2
jokowi ahok,2
ganjar presiden ri h,2
uu larang persekusi suara gagas wujud,2
na kad ce sila sampean fasilitas amp adu pandang kerja sungguh manfaat,2
next presiden ri insya allah,3
cari citra liat ana wartawan sombong contoh sprt supel bnyak senyum ramah engga tembang pilih ciri pimpin,1
biasa nambah caption foto asli,2
usia negara bijak dengar rakyat,3
islam kristen hindu budha etnis satu padu pilih anies presiden nkri semangat satu satu rukun maju nkri semangat bongkar sembunyi rezim rakyat pilih anies,3
butuh pimpin buka kritik masuk positif bangun rakyat,3
kasihan omong gak sinkron ama laku lawak suruh presiden,1
bingung mending survey,2
ya udah orang china aja dukung anies baswedan ya bong gimana gimana,3
anies opurtunis bohong pro yuk rame tinggal bahaya indonesia halal nafsu kuasa kerja bikin narasi doang hasil nol sangka korupsi bentar buzzer gagal,1
dengar rejeki jomplok atas nama peduli paud miliar ngak kabar nya,1
akal sehat bicara,2
ngibul mah hoax mobil esemka indosat beli lsgi r t kantong ekonomi lejit,1
hoi bangke kau turun iblis setan bangsat,1
rendah ganjar,2
mantap pilih,1
rekam jejak,1
anies indonesia negara daya saing mata dunia,3
ya tolol dukung si nganu kasih fakta aza engak percaya eh dikibulin si nganu puja anjingg,1
gubernur sara,1
kyknya bkn oxford universitas deh kl bikin lapak jual roti nama oxford,1
lho nggak berani kau ngomong,1
semangat ttp baperan,3
minimal si mad ali sm sahroni stop bicara jng fitnah tum gw,3
prabowo vs ganjar prabowo ga menang jokowi main kaki junjung dua sadar takut menang putar putar anies menang vs ganjar,2
dekat pdi p demokrat hasil rayu ahy sby gabung baris menang pilpres hasil komunis strategi komunis rusak tatanan negara masif aku anggota dpr bangga anak turun pki,2
kayak iyes aja adu rekam jejak,2
serah sepenuh putus pilih cawapres deklarasi juni habis maen tetangga belah hehehe,2
minimal mad ali sm sahroni klo ngomong ayak gak fitnah tum gw,2
sepakat,3
terkadang bingung lulus s ln narasi pikir anak anak ingus sdh gitu banyak ngibul,1
nggak kelojot sih cuman liuk liuk ikut irama tari menang,3
politik identitas nasionalis agama pancasilais,3
dlm diam nya sj ngibul,1
mudah an allah mudah tdk pimpin munafiq pilih pimpin layan layan aamiin ya allh,3
jual barang kualitas bohong waji,1
erdogan indonesia,3
beda kelas nya anies baswedan keliling orang tekat niat tulus tuju nya kalo opung ga brani komen gw krn makan hari dah ach gitu aza,3
ubah gombal,1
waji simpan,2
nasib bubar nang syukur ga bunuh,1
alumni nya cuman orang cuman tim sorak hore buzzer buzzer pekaes dukung anoes,1
quote bagus gak aplikasi gw serah ente vaksin pcy bumi datar bulat dll jgn hoax fitnah muslim,1
just asking banner bacaleg seluruh provinsi amp koka amp gambar nya sbg bacapres mrk beda banner bacaleg pd gak,2
gagas lu nonton kep aja,1
mantaapks anies rasyid baswedan insya allah presiden ri tuju anies negara buka ruang kritik anies baswedan presiden layan pks,3
emang gw bilang larang bagus udah dewasa nyambung bahas buk gw bahas bukti medis ente bahas hubung anus fantasi nyambung,2
hilang pamor akibat ambisi gugur sblum tanding,1
umum cawapres kalo partai dukung gak suka lari koalisi dagang basi nasdrun umum detik terakir partai dukung gak,2
survei lsn persen pilih agama islam dukung anies baswedan,3
guru pimpin nkri guru ajar bayar,1
salam kompetisi silaturahmi beda dapat tajam etik etika pimpin cermin politik santun depan pikir positif sby amp demokrat ahy,3
dukung dukung,2
udah antem aja koalisi usung yaman ntar kali gertak ntar masuk neraka karna koalisi perintah tuhan traktiirr,2
senin moga sakit obat moga sulit temu jalan keluar moga sempit lega moga rumit urai moga pahit ganti manis bahagia,3
terima kasih wisata waterpark objek ribu lubang,1
moga allah taqdirkan anies baswedan presiden ri moga demokrat tdk kena rayu,3
point nangkep gak si eko,2
indonesia butuh pimpin leadership mumpuni buka u rakyat manut oligarki anies hadir u bawa ubah u indonesia n bahagia rakyat,2
kuliah anies baswedan panggil mister president,2
akur ya indonesia wassalam,2
tuju rakyat keluh kesah perintah,2
temu main main gimmick politik lantas nasi,2
allahu akbar moga allah taqdirkan anies baswedan presiden ri,3
benar nyata lihat aja wan abud kuasa budaya nasional indonesia hapus,2
gubernur ngapain,2
cerah elegan,2
,2
ubah loyalis prabowo goda dukung anies baswedan mari satu serang,3
ya masq omong ni kayak manusia gak baca dengar berita l udah tau gugel cek ya biar sekolah,2
terang terang anies baswedan terus program presiden jokowi,2
parah banget maksud lingkup perintah maksud iya dukung ga ubah baik kerja,1
hebat janji aspek hidup bangun jd sesuai dg teks hafal,1
ga pecah banteng kek ngemis dgn rendah hati ngajak pd koalisi songong,1
perintah korupsi paraj banget dalam harap sadar taubat koalisi ubah hadir baik nkri,1
kucing politis,1
pilih pks tuju utk hapus stigma politik identitas dgn dukung khilafah moga kalo pilih pdip tuju utk hapus blunder rugi negara t,3
nggedabruzz indonesia,1
pikir dengan sdh negara pimpin kelas international,3
duit ga ya koalisi dapat duit dukung kaki prabowo imigran yaman,2
si nenek ko bawa politik org lg ngomongin bla,2
kerja cebonk hina aja adu gagas hayuu vs adu kartu an ngk laku cebonk aja ngk terima kartu nya jokowi,1
dem dem pikir capres komentar netijen negatif fakta emang gitu trus msh tutup mata dgn fakta,2
nggak ribut gmn orang demo anarkhis jilid jilid sorak sorak gembira,1
hahaha tolol bicarain bola bawa politik,1
keran uang tipis juragan uang paceklik andal si ucup kere,2
hahhahahaa sifat cemberut g peduli sok ramah peduli krna mau kamera aplagy klo ciwi peluk lngsung,1
ngoceh anak sd ngibul ngga jaruan s degan,2
bohong,1
sangka sandiaga uno busuk sahabat anies baswedan,1
rame nih eko saputra orang anis sue pantesan makan bau khilafah,2
gak musuh baca dengar statement jelek perintah coba nasehat suruh fokus renc program kerja kalo simpati public,2
junjung mah cemen capres aja udah keder kalah prabowo gagal bolak aja ndablek nyalon,1
depan santun adu gagas kek gin tempuh model gin ngga respect percaya balik,1
karya anak bang sat,1
tarik denga salah satu sampai beliau runtut mudah paham,3
ora dukung ganjar nehi nehi,2
lho mendzolimi abas abas sdh gala mampu cemen ngibul jalir janji ngomong muter pulak,2
bambang yudononyo asa tdk ex presiden dng nama bambang yudononyo susilo bambang yudoyono gelar s nyebut nama sby aja blepot tanda tdk dng sby,2
nama awas suka usil,1
ketawain aja,2
ga galau kepo,2
nggak pilih tugas partai partai memilh presiden partai amanah titik prestasi calon,2
lupa ts uang,2
capres doyan bokep,1
maksud lu bang lu cari duit udah gtu aja,2
jarene sopo aj tim ganjar ngomong amasalah nilai jual ar nilai utama hati utk singgung ketimbang calon fakta,2
bangsa narasi ide stay strong jaya nkri,3
bagus insya allah jawa barat anies tinggal rebut hati jateng jatim,3
bener bang,3
pimpin keren,3
lanjutken,2
insyaallah allah pimpin adil negeri pimpin akhlak muslim taat takut allah swt dusta tukang ingkar janji insyaallah pilih,3
umum cawapres dekat detik daftar kpu ikat parte dukung gak lari koalisi seba pintu koalisi tutup,2
ngaco boss kalo gak dukung silah dukung,2
insyaa allah negara maju pimpin gak baperan,3
buzer kn tolol pura buta dn tuli g tau sejarah,1
ganjar suka bokep fakta,1
sbnernya bikin elektabilitas anies turun jg ulah dukung tdk moral adab,1
survei lsn prabowo menang provinsi kalah ganjar pranowo anies baswedan,2
lsn rilis data dukung prabowo loyal banding ganjar pranowo anies baswedan,2
partai demokrat harap sosok calon wakil presiden cawapres calon presiden capres anies baswedan umum nilai beber nama cawapres anies lewat ujung,2
dgn kuahlisi perlubahan panik dgn temu politik seba kalo lari kuahlisi dagang basi parte nasdrun seba partri ganti penuh pt,2
tuju biar rakyat gak hantu takut,3
ya bener banget,2
niat mu kau baik ubah maha kuasa meridhoi mu bull ubah ind nesia logika nya lok kerja bagus waji pasti tahan pilih,3
pki,1
knp bahan lelucon sejarah komedian anies baswedan gubernur dki,2
kasihan prabowo ndak hitung,2
tanda orang ya presiden,2
politic figure gak alam balik pikir pimpin visi misi usung lanjut ubah alam pimpin anies kepedean rekam jejak pdhal rekam jejak gak bagus dukung capres pdhal dukung perintah lbh ketimbang dukung ubah menang jng nies ubah pakai spt jual visi misi tawarin utk program akselarasi bangun bidang,1
coba cek mbah google bodoh bang muncul bab,1
kecuali sby perintah gabung koalisi pdip pd sby kpp usung capres kecuali pan golkar gabung,2
pks pd modal gak jawa gus choy,2
jegal partai koalisi partai pt partai partai sbg lengkap,2
jelang daftar capres cawapres upaya gagal calon anies masif amp terang an moga tuhan yme lindung bang,3
adu ya,2
anis baswedan pimpin bangsa pimpin gak gampang baperan anis orang gampang baperan,3
kalah deh oh iya ding kalah pilkada dki nyata kalah survey chuaxx,1
siap materai,2
baik dr dki rusak,1
hai anjing anies baswedan door prize,1
orang bahagia mudah tolong orang negara kaya perlu bahagia dapatka tolong gratis plus senyum pulak,3
takut pdi p demokrat ngajak gabung aja rakyat milih partai figur mumpuni anies baswedan,2
spt tipu terang sukain jimat nya si bodoh pake doit kah,1
mantap,3
bismillah maju juang moga ri aamiin,3
partai koalisi nasdem pd ribut urus cawapres panrun laku,2
biar knp menang pilpres dukung orang ngaku agamais laku iblis alih jd dukung,1
gimana ras pribumi isi pidato ras,1
ngibul,1
klo dr nya ngibul bawah ngebul,1
bangcat,1
bahasa calon pimpin,3
foto lo ngambil nyeett habis bahan cari foto inspiratif nyett,1
gabung aja prabowo anies baswedan gimana,3
ayo dorong dn koalisi yakin baik utk indonesia akn presiden,3
senang koalisi ubah lbh utk indonesia dn rakyat tetp harap presiden,3
bagi bang,2
alumni it deklarasi dukung presiden,3
apa anies cari jelek,1
ya ubah laku dki gubernur rubah nama nama jalan,1
barusan nyoba ketik kolom cari google ketik gubernur bodoh muncul nama ketik gubernur bokep muncul nama,1
anis presiden negara adil sejahtera,3
wooii jgn sepele dgn persentase upil gitu rakyat indonesia damba beliau menang pilpres bukti tanyain si mbah kerkerudung merah,1
minimal pake foto kasi banget foto orang main colong ntar nama jelek gak tanggung buzzer tolol,1
bohong anies baswedan,1
anies baswedan banyak janji janji palsu resmi kampung susun bayam warga tempat,1
whoke mas anies tuju banget pikir panjenengan,3
demokrat partai khianat alas gabung negara pdi p hancur negara pdi p realistis,1
hoax silah baca thread tuit dana pks pd utk aktivitas capres narasi hoax malu narasi dasar,1
ubah baik anies baswedan allahu akbar,3
mending elo mandi keramasin tuh kepala biar encer otak bikinin gue kopi cebong dungu,1
dukung wan anis narasi sumpah serapah pdhal gw kompare berita vs,3
hoax dah ban wawancara comot berita online izin melintir nyata hati bangun narasi berita hoax dasar,1
kuat apa dukung ganjar anies baswedan fahri hamzah prabowo cocok presiden alas,2
jadi anis baswedan planet galaksi bima sakti cari galaksi,2
bacot ni orang ga malu,1
,2
agus ahy lihat kawan peluru harga peluru cepat tepacu lepas senjata peluru,2
nama biar hajar habis an dsini,2
korupsi t bodoh dukung anies,1
bahas krusial sby ahy anies baswedan pacitan,2
it komit dukung anies baswedan puncak ri orang cerdas kumpul dukung cerdas akal sehat waras insyaalloh anies baswedan presiden ri,3
elektabilitas anies baswedan turun drastis koalisi ubah ambang hancur luna king is back batam nikita willy inter mil cinta full album jennie besok senin exo beneran comeback nct l t unit ginting haruto hazelnut fakta tasyi man city,1
om yuk otak instal ulang,1
lo milih ganjar urus lo milih anis uruusan biar suara tentu damai broo,1
sy pribadi yv paksa tdk hasil tggu aja menang jujur adil laksana pilpres,1
busuk kali mulut kau,1
orang dngan ikhlas gerak dn sumbang dukung,3
tuju nyata rakyat ruang luas kritisi selenggara negara tutup ruang kritik rakyat sejati gali kubur negara,3
logika emang balik,1
si abas bin yaman bodoh rakyat indonesia jgn bodoh si bodoh,1
lha,2
rasa dekap hangat,2
anies inget neno warisman,2
ngelike tweet gak aneh tuh,2
diam,2
males ubah,1
anies baswedan presiden program bangga jokowi auto berangus tim koalisi sungguh kejut,3